wet_signal_score_id,config_id,date_month,country_iso3,product_id,signal_type,raw_value,z_score,normalized_score,confidence,explanation,source_row_refs,country_name
score_wetd_default_2026q2_2026_06_01_are_autarky_df63bef01bfd85,wetd_default_2026q2,2026-06-01,ARE,,autarky,82.0,,82.0,medium,"Self-reliance pressure for ARE: Is a country reducing dependence on open-market supply through subsidies, domestic substitution, or sovereignty framing? Generated by War-Economy Transition Dashboard batch from public source counts and configured theater/actor roles.",fact_policy_event:policy_2026_12670_0e92b9a4fd816c;fact_policy_event:policy_2026_12669_b081ba8aec1b6d;fact_policy_event:policy_2026_11593_686ea852d9678b;fact_policy_event:policy_2026_11571_1d248f5d9cee16;fact_policy_event:policy_2026_11319_71ad439954418d;fact_energy_minerals:em_eg_use_pcap_kg_oe_are_2023_c4125d1b821f66;fact_energy_minerals:em_eg_use_pcap_kg_oe_can_2024_276ffe5b10dc93;fact_energy_minerals:em_eg_use_pcap_kg_oe_chn_2023_70029791fc9de4,United Arab Emirates
score_wetd_default_2026q2_2026_06_01_are_capital_access_control_e65ae704e9ab07,wetd_default_2026q2,2026-06-01,ARE,,capital_access_control,75.0,,75.0,medium,"Permissioning and access control for ARE: Is market access being replaced by state permission, sanctions, screening, export controls, or compute/cloud restrictions? Generated by War-Economy Transition Dashboard batch from public source counts and configured theater/actor roles.",fact_policy_event:policy_2026_12670_0e92b9a4fd816c;fact_policy_event:policy_2026_12669_b081ba8aec1b6d;fact_policy_event:policy_2026_11593_686ea852d9678b;fact_policy_event:policy_2026_11571_1d248f5d9cee16;fact_policy_event:policy_2026_11319_71ad439954418d;fact_sanctions:sanctions_4632_ff159e87c67530;fact_sanctions:sanctions_4633_1bca01c179117a;fact_sanctions:sanctions_4635_53845dd0cdfdea,United Arab Emirates
score_wetd_default_2026q2_2026_06_01_are_civilian_military_allocation_fc1ae5a5f7b8e8,wetd_default_2026q2,2026-06-01,ARE,,civilian_military_allocation,75.0,,75.0,medium,"Civilian-to-military allocation for ARE: Are civilian technologies, compute, cloud, AI, or microelectronics entering defense/intelligence priority lanes? Generated by War-Economy Transition Dashboard batch from public source counts and configured theater/actor roles.",fact_procurement:proc_spe7mx21c0002_2021_05_06_327899880_87_e6df1f524ea800;fact_procurement:proc_w912wj22c0002_2022_01_27_286256425_88_618d92eed6f833;fact_procurement:proc_w911qx20c0023_2020_04_23_120575059_35_76fae70ac892af;fact_procurement:proc_140d0421c0002_2020_12_23_106725460_68_e299815ec2d2d6;fact_procurement:proc_hq072723f4100_2023_09_20_95993841_0_c7f55e98bfbbc8,United Arab Emirates
score_wetd_default_2026q2_2026_06_01_are_stockpiling_3eed2372676ee9,wetd_default_2026q2,2026-06-01,ARE,,stockpiling,92.0,,92.0,medium,Strategic stockpiling for ARE: Is buying or inventory behavior becoming security-driven rather than ordinary commercial replenishment? Generated by War-Economy Transition Dashboard batch from public source counts and configured theater/actor roles.,fact_trade:trade_wb_tm_val_mmtl_zs_un_are_2023_16d558f5b16665;fact_trade:trade_wb_tm_val_mmtl_zs_un_are_2022_0a356c70a3ca7a;fact_trade:trade_wb_tm_val_mmtl_zs_un_are_2021_2e974998d6cd3e;fact_trade:trade_wb_tm_val_mmtl_zs_un_are_2020_7dc578c8383c63;fact_trade:trade_wb_tm_val_mmtl_zs_un_are_2019_ea67cc7db18cfb;fact_arctic_access:arctic_extent_2026_06_24_3fed104d1d7db3;fact_arctic_access:arctic_extent_anomaly_2026_06_24_2203b939b30fe8,United Arab Emirates
score_wetd_default_2026q2_2026_06_01_are_trade_rewiring_1180920facdfa1,wetd_default_2026q2,2026-06-01,ARE,,trade_rewiring,86.0,,86.0,medium,"Route rewiring for ARE: Are flows moving through third countries, corridors, or indirect routes rather than direct market routes? Generated by War-Economy Transition Dashboard batch from public source counts and configured theater/actor roles.",fact_trade:trade_wb_tm_val_mmtl_zs_un_are_2023_16d558f5b16665;fact_trade:trade_wb_tm_val_mmtl_zs_un_are_2022_0a356c70a3ca7a;fact_trade:trade_wb_tm_val_mmtl_zs_un_are_2021_2e974998d6cd3e;fact_trade:trade_wb_tm_val_mmtl_zs_un_are_2020_7dc578c8383c63;fact_trade:trade_wb_tm_val_mmtl_zs_un_are_2019_ea67cc7db18cfb;fact_sanctions:sanctions_4632_ff159e87c67530;fact_sanctions:sanctions_4633_1bca01c179117a;fact_sanctions:sanctions_4635_53845dd0cdfdea,United Arab Emirates
score_wetd_default_2026q2_2026_06_01_can_autarky_28587b44204de3,wetd_default_2026q2,2026-06-01,CAN,,autarky,82.0,,82.0,medium,"Self-reliance pressure for CAN: Is a country reducing dependence on open-market supply through subsidies, domestic substitution, or sovereignty framing? Generated by War-Economy Transition Dashboard batch from public source counts and configured theater/actor roles.",fact_policy_event:policy_2026_12670_0e92b9a4fd816c;fact_policy_event:policy_2026_12669_b081ba8aec1b6d;fact_policy_event:policy_2026_11593_686ea852d9678b;fact_policy_event:policy_2026_11571_1d248f5d9cee16;fact_policy_event:policy_2026_11319_71ad439954418d;fact_energy_minerals:em_eg_use_pcap_kg_oe_are_2023_c4125d1b821f66;fact_energy_minerals:em_eg_use_pcap_kg_oe_can_2024_276ffe5b10dc93;fact_energy_minerals:em_eg_use_pcap_kg_oe_chn_2023_70029791fc9de4,Canada
score_wetd_default_2026q2_2026_06_01_can_capital_access_control_110f89961b1c23,wetd_default_2026q2,2026-06-01,CAN,,capital_access_control,75.0,,75.0,medium,"Permissioning and access control for CAN: Is market access being replaced by state permission, sanctions, screening, export controls, or compute/cloud restrictions? Generated by War-Economy Transition Dashboard batch from public source counts and configured theater/actor roles.",fact_policy_event:policy_2026_12670_0e92b9a4fd816c;fact_policy_event:policy_2026_12669_b081ba8aec1b6d;fact_policy_event:policy_2026_11593_686ea852d9678b;fact_policy_event:policy_2026_11571_1d248f5d9cee16;fact_policy_event:policy_2026_11319_71ad439954418d;fact_sanctions:sanctions_4632_ff159e87c67530;fact_sanctions:sanctions_4633_1bca01c179117a;fact_sanctions:sanctions_4635_53845dd0cdfdea,Canada
score_wetd_default_2026q2_2026_06_01_can_civilian_military_allocation_d8c5a34389b41b,wetd_default_2026q2,2026-06-01,CAN,,civilian_military_allocation,65.0,,65.0,medium,"Civilian-to-military allocation for CAN: Are civilian technologies, compute, cloud, AI, or microelectronics entering defense/intelligence priority lanes? Generated by War-Economy Transition Dashboard batch from public source counts and configured theater/actor roles.",fact_procurement:proc_spe7mx21c0002_2021_05_06_327899880_87_e6df1f524ea800;fact_procurement:proc_w912wj22c0002_2022_01_27_286256425_88_618d92eed6f833;fact_procurement:proc_w911qx20c0023_2020_04_23_120575059_35_76fae70ac892af;fact_procurement:proc_140d0421c0002_2020_12_23_106725460_68_e299815ec2d2d6;fact_procurement:proc_hq072723f4100_2023_09_20_95993841_0_c7f55e98bfbbc8,Canada
score_wetd_default_2026q2_2026_06_01_can_stockpiling_8c24006bf9f84b,wetd_default_2026q2,2026-06-01,CAN,,stockpiling,75.0,,75.0,medium,Strategic stockpiling for CAN: Is buying or inventory behavior becoming security-driven rather than ordinary commercial replenishment? Generated by War-Economy Transition Dashboard batch from public source counts and configured theater/actor roles.,fact_trade:trade_wb_tm_val_mmtl_zs_un_are_2023_16d558f5b16665;fact_trade:trade_wb_tm_val_mmtl_zs_un_are_2022_0a356c70a3ca7a;fact_trade:trade_wb_tm_val_mmtl_zs_un_are_2021_2e974998d6cd3e;fact_trade:trade_wb_tm_val_mmtl_zs_un_are_2020_7dc578c8383c63;fact_trade:trade_wb_tm_val_mmtl_zs_un_are_2019_ea67cc7db18cfb;fact_arctic_access:arctic_extent_2026_06_24_3fed104d1d7db3;fact_arctic_access:arctic_extent_anomaly_2026_06_24_2203b939b30fe8,Canada
score_wetd_default_2026q2_2026_06_01_can_trade_rewiring_d63e4f1c01b03b,wetd_default_2026q2,2026-06-01,CAN,,trade_rewiring,60.0,,60.0,medium,"Route rewiring for CAN: Are flows moving through third countries, corridors, or indirect routes rather than direct market routes? Generated by War-Economy Transition Dashboard batch from public source counts and configured theater/actor roles.",fact_trade:trade_wb_tm_val_mmtl_zs_un_are_2023_16d558f5b16665;fact_trade:trade_wb_tm_val_mmtl_zs_un_are_2022_0a356c70a3ca7a;fact_trade:trade_wb_tm_val_mmtl_zs_un_are_2021_2e974998d6cd3e;fact_trade:trade_wb_tm_val_mmtl_zs_un_are_2020_7dc578c8383c63;fact_trade:trade_wb_tm_val_mmtl_zs_un_are_2019_ea67cc7db18cfb;fact_sanctions:sanctions_4632_ff159e87c67530;fact_sanctions:sanctions_4633_1bca01c179117a;fact_sanctions:sanctions_4635_53845dd0cdfdea,Canada
score_wetd_default_2026q2_2026_06_01_chn_autarky_bbf0e9f7bef49e,wetd_default_2026q2,2026-06-01,CHN,,autarky,90.0,,90.0,medium,"Self-reliance pressure for CHN: Is a country reducing dependence on open-market supply through subsidies, domestic substitution, or sovereignty framing? Generated by War-Economy Transition Dashboard batch from public source counts and configured theater/actor roles.",fact_policy_event:policy_2026_12670_0e92b9a4fd816c;fact_policy_event:policy_2026_12669_b081ba8aec1b6d;fact_policy_event:policy_2026_11593_686ea852d9678b;fact_policy_event:policy_2026_11571_1d248f5d9cee16;fact_policy_event:policy_2026_11319_71ad439954418d;fact_energy_minerals:em_eg_use_pcap_kg_oe_are_2023_c4125d1b821f66;fact_energy_minerals:em_eg_use_pcap_kg_oe_can_2024_276ffe5b10dc93;fact_energy_minerals:em_eg_use_pcap_kg_oe_chn_2023_70029791fc9de4,China
score_wetd_default_2026q2_2026_06_01_chn_capital_access_control_5834660160038f,wetd_default_2026q2,2026-06-01,CHN,,capital_access_control,81.0,,81.0,high,"Permissioning and access control for CHN: Is market access being replaced by state permission, sanctions, screening, export controls, or compute/cloud restrictions? Generated by War-Economy Transition Dashboard batch from public source counts and configured theater/actor roles.",fact_policy_event:policy_2026_12670_0e92b9a4fd816c;fact_policy_event:policy_2026_12669_b081ba8aec1b6d;fact_policy_event:policy_2026_11593_686ea852d9678b;fact_policy_event:policy_2026_11571_1d248f5d9cee16;fact_policy_event:policy_2026_11319_71ad439954418d;fact_sanctions:sanctions_4632_ff159e87c67530;fact_sanctions:sanctions_4633_1bca01c179117a;fact_sanctions:sanctions_4635_53845dd0cdfdea,China
score_wetd_default_2026q2_2026_06_01_chn_civilian_military_allocation_743b14c54b2c46,wetd_default_2026q2,2026-06-01,CHN,,civilian_military_allocation,65.0,,65.0,medium,"Civilian-to-military allocation for CHN: Are civilian technologies, compute, cloud, AI, or microelectronics entering defense/intelligence priority lanes? Generated by War-Economy Transition Dashboard batch from public source counts and configured theater/actor roles.",fact_procurement:proc_spe7mx21c0002_2021_05_06_327899880_87_e6df1f524ea800;fact_procurement:proc_w912wj22c0002_2022_01_27_286256425_88_618d92eed6f833;fact_procurement:proc_w911qx20c0023_2020_04_23_120575059_35_76fae70ac892af;fact_procurement:proc_140d0421c0002_2020_12_23_106725460_68_e299815ec2d2d6;fact_procurement:proc_hq072723f4100_2023_09_20_95993841_0_c7f55e98bfbbc8,China
score_wetd_default_2026q2_2026_06_01_chn_stockpiling_4d92643347c2a0,wetd_default_2026q2,2026-06-01,CHN,,stockpiling,75.0,,75.0,medium,Strategic stockpiling for CHN: Is buying or inventory behavior becoming security-driven rather than ordinary commercial replenishment? Generated by War-Economy Transition Dashboard batch from public source counts and configured theater/actor roles.,fact_trade:trade_wb_tm_val_mmtl_zs_un_are_2023_16d558f5b16665;fact_trade:trade_wb_tm_val_mmtl_zs_un_are_2022_0a356c70a3ca7a;fact_trade:trade_wb_tm_val_mmtl_zs_un_are_2021_2e974998d6cd3e;fact_trade:trade_wb_tm_val_mmtl_zs_un_are_2020_7dc578c8383c63;fact_trade:trade_wb_tm_val_mmtl_zs_un_are_2019_ea67cc7db18cfb;fact_arctic_access:arctic_extent_2026_06_24_3fed104d1d7db3;fact_arctic_access:arctic_extent_anomaly_2026_06_24_2203b939b30fe8,China
score_wetd_default_2026q2_2026_06_01_chn_trade_rewiring_677d5a8ec14313,wetd_default_2026q2,2026-06-01,CHN,,trade_rewiring,70.0,,70.0,medium,"Route rewiring for CHN: Are flows moving through third countries, corridors, or indirect routes rather than direct market routes? Generated by War-Economy Transition Dashboard batch from public source counts and configured theater/actor roles.",fact_trade:trade_wb_tm_val_mmtl_zs_un_are_2023_16d558f5b16665;fact_trade:trade_wb_tm_val_mmtl_zs_un_are_2022_0a356c70a3ca7a;fact_trade:trade_wb_tm_val_mmtl_zs_un_are_2021_2e974998d6cd3e;fact_trade:trade_wb_tm_val_mmtl_zs_un_are_2020_7dc578c8383c63;fact_trade:trade_wb_tm_val_mmtl_zs_un_are_2019_ea67cc7db18cfb;fact_sanctions:sanctions_4632_ff159e87c67530;fact_sanctions:sanctions_4633_1bca01c179117a;fact_sanctions:sanctions_4635_53845dd0cdfdea,China
score_wetd_default_2026q2_2026_06_01_deu_autarky_9cd3cbe0d1bb7b,wetd_default_2026q2,2026-06-01,DEU,,autarky,90.0,,90.0,medium,"Self-reliance pressure for DEU: Is a country reducing dependence on open-market supply through subsidies, domestic substitution, or sovereignty framing? Generated by War-Economy Transition Dashboard batch from public source counts and configured theater/actor roles.",fact_policy_event:policy_2026_12670_0e92b9a4fd816c;fact_policy_event:policy_2026_12669_b081ba8aec1b6d;fact_policy_event:policy_2026_11593_686ea852d9678b;fact_policy_event:policy_2026_11571_1d248f5d9cee16;fact_policy_event:policy_2026_11319_71ad439954418d;fact_energy_minerals:em_eg_use_pcap_kg_oe_are_2023_c4125d1b821f66;fact_energy_minerals:em_eg_use_pcap_kg_oe_can_2024_276ffe5b10dc93;fact_energy_minerals:em_eg_use_pcap_kg_oe_chn_2023_70029791fc9de4,Germany
score_wetd_default_2026q2_2026_06_01_deu_capital_access_control_631f56f178feff,wetd_default_2026q2,2026-06-01,DEU,,capital_access_control,75.0,,75.0,medium,"Permissioning and access control for DEU: Is market access being replaced by state permission, sanctions, screening, export controls, or compute/cloud restrictions? Generated by War-Economy Transition Dashboard batch from public source counts and configured theater/actor roles.",fact_policy_event:policy_2026_12670_0e92b9a4fd816c;fact_policy_event:policy_2026_12669_b081ba8aec1b6d;fact_policy_event:policy_2026_11593_686ea852d9678b;fact_policy_event:policy_2026_11571_1d248f5d9cee16;fact_policy_event:policy_2026_11319_71ad439954418d;fact_sanctions:sanctions_4632_ff159e87c67530;fact_sanctions:sanctions_4633_1bca01c179117a;fact_sanctions:sanctions_4635_53845dd0cdfdea,Germany
score_wetd_default_2026q2_2026_06_01_deu_civilian_military_allocation_4f65cbbbef7ce4,wetd_default_2026q2,2026-06-01,DEU,,civilian_military_allocation,65.0,,65.0,medium,"Civilian-to-military allocation for DEU: Are civilian technologies, compute, cloud, AI, or microelectronics entering defense/intelligence priority lanes? Generated by War-Economy Transition Dashboard batch from public source counts and configured theater/actor roles.",fact_procurement:proc_spe7mx21c0002_2021_05_06_327899880_87_e6df1f524ea800;fact_procurement:proc_w912wj22c0002_2022_01_27_286256425_88_618d92eed6f833;fact_procurement:proc_w911qx20c0023_2020_04_23_120575059_35_76fae70ac892af;fact_procurement:proc_140d0421c0002_2020_12_23_106725460_68_e299815ec2d2d6;fact_procurement:proc_hq072723f4100_2023_09_20_95993841_0_c7f55e98bfbbc8,Germany
score_wetd_default_2026q2_2026_06_01_deu_stockpiling_5bf766b8625c6b,wetd_default_2026q2,2026-06-01,DEU,,stockpiling,43.0,,43.0,medium,Strategic stockpiling for DEU: Is buying or inventory behavior becoming security-driven rather than ordinary commercial replenishment? Generated by War-Economy Transition Dashboard batch from public source counts and configured theater/actor roles.,fact_trade:trade_wb_tm_val_mmtl_zs_un_are_2023_16d558f5b16665;fact_trade:trade_wb_tm_val_mmtl_zs_un_are_2022_0a356c70a3ca7a;fact_trade:trade_wb_tm_val_mmtl_zs_un_are_2021_2e974998d6cd3e;fact_trade:trade_wb_tm_val_mmtl_zs_un_are_2020_7dc578c8383c63;fact_trade:trade_wb_tm_val_mmtl_zs_un_are_2019_ea67cc7db18cfb;fact_arctic_access:arctic_extent_2026_06_24_3fed104d1d7db3;fact_arctic_access:arctic_extent_anomaly_2026_06_24_2203b939b30fe8,Germany
score_wetd_default_2026q2_2026_06_01_deu_trade_rewiring_1fc5d671ea5386,wetd_default_2026q2,2026-06-01,DEU,,trade_rewiring,36.0,,36.0,medium,"Route rewiring for DEU: Are flows moving through third countries, corridors, or indirect routes rather than direct market routes? Generated by War-Economy Transition Dashboard batch from public source counts and configured theater/actor roles.",fact_trade:trade_wb_tm_val_mmtl_zs_un_are_2023_16d558f5b16665;fact_trade:trade_wb_tm_val_mmtl_zs_un_are_2022_0a356c70a3ca7a;fact_trade:trade_wb_tm_val_mmtl_zs_un_are_2021_2e974998d6cd3e;fact_trade:trade_wb_tm_val_mmtl_zs_un_are_2020_7dc578c8383c63;fact_trade:trade_wb_tm_val_mmtl_zs_un_are_2019_ea67cc7db18cfb;fact_sanctions:sanctions_4632_ff159e87c67530;fact_sanctions:sanctions_4633_1bca01c179117a;fact_sanctions:sanctions_4635_53845dd0cdfdea,Germany
score_wetd_default_2026q2_2026_06_01_euu_autarky_97cb2bb0fc470b,wetd_default_2026q2,2026-06-01,EUU,,autarky,78.0,,78.0,medium,"Self-reliance pressure for EUU: Is a country reducing dependence on open-market supply through subsidies, domestic substitution, or sovereignty framing? Generated by War-Economy Transition Dashboard batch from public source counts and configured theater/actor roles.",fact_policy_event:policy_2026_12670_0e92b9a4fd816c;fact_policy_event:policy_2026_12669_b081ba8aec1b6d;fact_policy_event:policy_2026_11593_686ea852d9678b;fact_policy_event:policy_2026_11571_1d248f5d9cee16;fact_policy_event:policy_2026_11319_71ad439954418d;fact_energy_minerals:em_eg_use_pcap_kg_oe_are_2023_c4125d1b821f66;fact_energy_minerals:em_eg_use_pcap_kg_oe_can_2024_276ffe5b10dc93;fact_energy_minerals:em_eg_use_pcap_kg_oe_chn_2023_70029791fc9de4,European Union
score_wetd_default_2026q2_2026_06_01_euu_capital_access_control_c2510352f8ed9a,wetd_default_2026q2,2026-06-01,EUU,,capital_access_control,75.0,,75.0,medium,"Permissioning and access control for EUU: Is market access being replaced by state permission, sanctions, screening, export controls, or compute/cloud restrictions? Generated by War-Economy Transition Dashboard batch from public source counts and configured theater/actor roles.",fact_policy_event:policy_2026_12670_0e92b9a4fd816c;fact_policy_event:policy_2026_12669_b081ba8aec1b6d;fact_policy_event:policy_2026_11593_686ea852d9678b;fact_policy_event:policy_2026_11571_1d248f5d9cee16;fact_policy_event:policy_2026_11319_71ad439954418d;fact_sanctions:sanctions_4632_ff159e87c67530;fact_sanctions:sanctions_4633_1bca01c179117a;fact_sanctions:sanctions_4635_53845dd0cdfdea,European Union
score_wetd_default_2026q2_2026_06_01_euu_civilian_military_allocation_f988335c539385,wetd_default_2026q2,2026-06-01,EUU,,civilian_military_allocation,65.0,,65.0,medium,"Civilian-to-military allocation for EUU: Are civilian technologies, compute, cloud, AI, or microelectronics entering defense/intelligence priority lanes? Generated by War-Economy Transition Dashboard batch from public source counts and configured theater/actor roles.",fact_procurement:proc_spe7mx21c0002_2021_05_06_327899880_87_e6df1f524ea800;fact_procurement:proc_w912wj22c0002_2022_01_27_286256425_88_618d92eed6f833;fact_procurement:proc_w911qx20c0023_2020_04_23_120575059_35_76fae70ac892af;fact_procurement:proc_140d0421c0002_2020_12_23_106725460_68_e299815ec2d2d6;fact_procurement:proc_hq072723f4100_2023_09_20_95993841_0_c7f55e98bfbbc8,European Union
score_wetd_default_2026q2_2026_06_01_euu_stockpiling_7a7770bd025ca8,wetd_default_2026q2,2026-06-01,EUU,,stockpiling,35.0,,35.0,low,Strategic stockpiling for EUU: Is buying or inventory behavior becoming security-driven rather than ordinary commercial replenishment? Generated by War-Economy Transition Dashboard batch from public source counts and configured theater/actor roles.,fact_trade:trade_wb_tm_val_mmtl_zs_un_are_2023_16d558f5b16665;fact_trade:trade_wb_tm_val_mmtl_zs_un_are_2022_0a356c70a3ca7a;fact_trade:trade_wb_tm_val_mmtl_zs_un_are_2021_2e974998d6cd3e;fact_trade:trade_wb_tm_val_mmtl_zs_un_are_2020_7dc578c8383c63;fact_trade:trade_wb_tm_val_mmtl_zs_un_are_2019_ea67cc7db18cfb;fact_arctic_access:arctic_extent_2026_06_24_3fed104d1d7db3;fact_arctic_access:arctic_extent_anomaly_2026_06_24_2203b939b30fe8,European Union
score_wetd_default_2026q2_2026_06_01_euu_trade_rewiring_0710a769212655,wetd_default_2026q2,2026-06-01,EUU,,trade_rewiring,30.0,,30.0,low,"Route rewiring for EUU: Are flows moving through third countries, corridors, or indirect routes rather than direct market routes? Generated by War-Economy Transition Dashboard batch from public source counts and configured theater/actor roles.",fact_trade:trade_wb_tm_val_mmtl_zs_un_are_2023_16d558f5b16665;fact_trade:trade_wb_tm_val_mmtl_zs_un_are_2022_0a356c70a3ca7a;fact_trade:trade_wb_tm_val_mmtl_zs_un_are_2021_2e974998d6cd3e;fact_trade:trade_wb_tm_val_mmtl_zs_un_are_2020_7dc578c8383c63;fact_trade:trade_wb_tm_val_mmtl_zs_un_are_2019_ea67cc7db18cfb;fact_sanctions:sanctions_4632_ff159e87c67530;fact_sanctions:sanctions_4633_1bca01c179117a;fact_sanctions:sanctions_4635_53845dd0cdfdea,European Union
score_wetd_default_2026q2_2026_06_01_fra_autarky_80d30ea02769ad,wetd_default_2026q2,2026-06-01,FRA,,autarky,82.0,,82.0,medium,"Self-reliance pressure for FRA: Is a country reducing dependence on open-market supply through subsidies, domestic substitution, or sovereignty framing? Generated by War-Economy Transition Dashboard batch from public source counts and configured theater/actor roles.",fact_policy_event:policy_2026_12670_0e92b9a4fd816c;fact_policy_event:policy_2026_12669_b081ba8aec1b6d;fact_policy_event:policy_2026_11593_686ea852d9678b;fact_policy_event:policy_2026_11571_1d248f5d9cee16;fact_policy_event:policy_2026_11319_71ad439954418d;fact_energy_minerals:em_eg_use_pcap_kg_oe_are_2023_c4125d1b821f66;fact_energy_minerals:em_eg_use_pcap_kg_oe_can_2024_276ffe5b10dc93;fact_energy_minerals:em_eg_use_pcap_kg_oe_chn_2023_70029791fc9de4,France
score_wetd_default_2026q2_2026_06_01_fra_capital_access_control_c504b7b1d375d6,wetd_default_2026q2,2026-06-01,FRA,,capital_access_control,75.0,,75.0,medium,"Permissioning and access control for FRA: Is market access being replaced by state permission, sanctions, screening, export controls, or compute/cloud restrictions? Generated by War-Economy Transition Dashboard batch from public source counts and configured theater/actor roles.",fact_policy_event:policy_2026_12670_0e92b9a4fd816c;fact_policy_event:policy_2026_12669_b081ba8aec1b6d;fact_policy_event:policy_2026_11593_686ea852d9678b;fact_policy_event:policy_2026_11571_1d248f5d9cee16;fact_policy_event:policy_2026_11319_71ad439954418d;fact_sanctions:sanctions_4632_ff159e87c67530;fact_sanctions:sanctions_4633_1bca01c179117a;fact_sanctions:sanctions_4635_53845dd0cdfdea,France
score_wetd_default_2026q2_2026_06_01_fra_civilian_military_allocation_39d6e561342518,wetd_default_2026q2,2026-06-01,FRA,,civilian_military_allocation,65.0,,65.0,medium,"Civilian-to-military allocation for FRA: Are civilian technologies, compute, cloud, AI, or microelectronics entering defense/intelligence priority lanes? Generated by War-Economy Transition Dashboard batch from public source counts and configured theater/actor roles.",fact_procurement:proc_spe7mx21c0002_2021_05_06_327899880_87_e6df1f524ea800;fact_procurement:proc_w912wj22c0002_2022_01_27_286256425_88_618d92eed6f833;fact_procurement:proc_w911qx20c0023_2020_04_23_120575059_35_76fae70ac892af;fact_procurement:proc_140d0421c0002_2020_12_23_106725460_68_e299815ec2d2d6;fact_procurement:proc_hq072723f4100_2023_09_20_95993841_0_c7f55e98bfbbc8,France
score_wetd_default_2026q2_2026_06_01_fra_stockpiling_29a4130525fbc3,wetd_default_2026q2,2026-06-01,FRA,,stockpiling,35.0,,35.0,low,Strategic stockpiling for FRA: Is buying or inventory behavior becoming security-driven rather than ordinary commercial replenishment? Generated by War-Economy Transition Dashboard batch from public source counts and configured theater/actor roles.,fact_trade:trade_wb_tm_val_mmtl_zs_un_are_2023_16d558f5b16665;fact_trade:trade_wb_tm_val_mmtl_zs_un_are_2022_0a356c70a3ca7a;fact_trade:trade_wb_tm_val_mmtl_zs_un_are_2021_2e974998d6cd3e;fact_trade:trade_wb_tm_val_mmtl_zs_un_are_2020_7dc578c8383c63;fact_trade:trade_wb_tm_val_mmtl_zs_un_are_2019_ea67cc7db18cfb;fact_arctic_access:arctic_extent_2026_06_24_3fed104d1d7db3;fact_arctic_access:arctic_extent_anomaly_2026_06_24_2203b939b30fe8,France
score_wetd_default_2026q2_2026_06_01_fra_trade_rewiring_72094343278ad7,wetd_default_2026q2,2026-06-01,FRA,,trade_rewiring,30.0,,30.0,low,"Route rewiring for FRA: Are flows moving through third countries, corridors, or indirect routes rather than direct market routes? Generated by War-Economy Transition Dashboard batch from public source counts and configured theater/actor roles.",fact_trade:trade_wb_tm_val_mmtl_zs_un_are_2023_16d558f5b16665;fact_trade:trade_wb_tm_val_mmtl_zs_un_are_2022_0a356c70a3ca7a;fact_trade:trade_wb_tm_val_mmtl_zs_un_are_2021_2e974998d6cd3e;fact_trade:trade_wb_tm_val_mmtl_zs_un_are_2020_7dc578c8383c63;fact_trade:trade_wb_tm_val_mmtl_zs_un_are_2019_ea67cc7db18cfb;fact_sanctions:sanctions_4632_ff159e87c67530;fact_sanctions:sanctions_4633_1bca01c179117a;fact_sanctions:sanctions_4635_53845dd0cdfdea,France
score_wetd_default_2026q2_2026_06_01_gbr_autarky_448c72b2acf466,wetd_default_2026q2,2026-06-01,GBR,,autarky,82.0,,82.0,medium,"Self-reliance pressure for GBR: Is a country reducing dependence on open-market supply through subsidies, domestic substitution, or sovereignty framing? Generated by War-Economy Transition Dashboard batch from public source counts and configured theater/actor roles.",fact_policy_event:policy_2026_12670_0e92b9a4fd816c;fact_policy_event:policy_2026_12669_b081ba8aec1b6d;fact_policy_event:policy_2026_11593_686ea852d9678b;fact_policy_event:policy_2026_11571_1d248f5d9cee16;fact_policy_event:policy_2026_11319_71ad439954418d;fact_energy_minerals:em_eg_use_pcap_kg_oe_are_2023_c4125d1b821f66;fact_energy_minerals:em_eg_use_pcap_kg_oe_can_2024_276ffe5b10dc93;fact_energy_minerals:em_eg_use_pcap_kg_oe_chn_2023_70029791fc9de4,United Kingdom
score_wetd_default_2026q2_2026_06_01_gbr_capital_access_control_280895739fe9da,wetd_default_2026q2,2026-06-01,GBR,,capital_access_control,75.0,,75.0,medium,"Permissioning and access control for GBR: Is market access being replaced by state permission, sanctions, screening, export controls, or compute/cloud restrictions? Generated by War-Economy Transition Dashboard batch from public source counts and configured theater/actor roles.",fact_policy_event:policy_2026_12670_0e92b9a4fd816c;fact_policy_event:policy_2026_12669_b081ba8aec1b6d;fact_policy_event:policy_2026_11593_686ea852d9678b;fact_policy_event:policy_2026_11571_1d248f5d9cee16;fact_policy_event:policy_2026_11319_71ad439954418d;fact_sanctions:sanctions_4632_ff159e87c67530;fact_sanctions:sanctions_4633_1bca01c179117a;fact_sanctions:sanctions_4635_53845dd0cdfdea,United Kingdom
score_wetd_default_2026q2_2026_06_01_gbr_civilian_military_allocation_d09bfefad324ac,wetd_default_2026q2,2026-06-01,GBR,,civilian_military_allocation,65.0,,65.0,medium,"Civilian-to-military allocation for GBR: Are civilian technologies, compute, cloud, AI, or microelectronics entering defense/intelligence priority lanes? Generated by War-Economy Transition Dashboard batch from public source counts and configured theater/actor roles.",fact_procurement:proc_spe7mx21c0002_2021_05_06_327899880_87_e6df1f524ea800;fact_procurement:proc_w912wj22c0002_2022_01_27_286256425_88_618d92eed6f833;fact_procurement:proc_w911qx20c0023_2020_04_23_120575059_35_76fae70ac892af;fact_procurement:proc_140d0421c0002_2020_12_23_106725460_68_e299815ec2d2d6;fact_procurement:proc_hq072723f4100_2023_09_20_95993841_0_c7f55e98bfbbc8,United Kingdom
score_wetd_default_2026q2_2026_06_01_gbr_stockpiling_8a3cee9c7ce330,wetd_default_2026q2,2026-06-01,GBR,,stockpiling,35.0,,35.0,low,Strategic stockpiling for GBR: Is buying or inventory behavior becoming security-driven rather than ordinary commercial replenishment? Generated by War-Economy Transition Dashboard batch from public source counts and configured theater/actor roles.,fact_trade:trade_wb_tm_val_mmtl_zs_un_are_2023_16d558f5b16665;fact_trade:trade_wb_tm_val_mmtl_zs_un_are_2022_0a356c70a3ca7a;fact_trade:trade_wb_tm_val_mmtl_zs_un_are_2021_2e974998d6cd3e;fact_trade:trade_wb_tm_val_mmtl_zs_un_are_2020_7dc578c8383c63;fact_trade:trade_wb_tm_val_mmtl_zs_un_are_2019_ea67cc7db18cfb;fact_arctic_access:arctic_extent_2026_06_24_3fed104d1d7db3;fact_arctic_access:arctic_extent_anomaly_2026_06_24_2203b939b30fe8,United Kingdom
score_wetd_default_2026q2_2026_06_01_gbr_trade_rewiring_fe489849dc1340,wetd_default_2026q2,2026-06-01,GBR,,trade_rewiring,30.0,,30.0,low,"Route rewiring for GBR: Are flows moving through third countries, corridors, or indirect routes rather than direct market routes? Generated by War-Economy Transition Dashboard batch from public source counts and configured theater/actor roles.",fact_trade:trade_wb_tm_val_mmtl_zs_un_are_2023_16d558f5b16665;fact_trade:trade_wb_tm_val_mmtl_zs_un_are_2022_0a356c70a3ca7a;fact_trade:trade_wb_tm_val_mmtl_zs_un_are_2021_2e974998d6cd3e;fact_trade:trade_wb_tm_val_mmtl_zs_un_are_2020_7dc578c8383c63;fact_trade:trade_wb_tm_val_mmtl_zs_un_are_2019_ea67cc7db18cfb;fact_sanctions:sanctions_4632_ff159e87c67530;fact_sanctions:sanctions_4633_1bca01c179117a;fact_sanctions:sanctions_4635_53845dd0cdfdea,United Kingdom
score_wetd_default_2026q2_2026_06_01_irn_autarky_7c0ae885eedd70,wetd_default_2026q2,2026-06-01,IRN,,autarky,70.0,,70.0,medium,"Self-reliance pressure for IRN: Is a country reducing dependence on open-market supply through subsidies, domestic substitution, or sovereignty framing? Generated by War-Economy Transition Dashboard batch from public source counts and configured theater/actor roles.",fact_policy_event:policy_2026_12670_0e92b9a4fd816c;fact_policy_event:policy_2026_12669_b081ba8aec1b6d;fact_policy_event:policy_2026_11593_686ea852d9678b;fact_policy_event:policy_2026_11571_1d248f5d9cee16;fact_policy_event:policy_2026_11319_71ad439954418d;fact_energy_minerals:em_eg_use_pcap_kg_oe_are_2023_c4125d1b821f66;fact_energy_minerals:em_eg_use_pcap_kg_oe_can_2024_276ffe5b10dc93;fact_energy_minerals:em_eg_use_pcap_kg_oe_chn_2023_70029791fc9de4,Iran
score_wetd_default_2026q2_2026_06_01_irn_capital_access_control_77908c57f06513,wetd_default_2026q2,2026-06-01,IRN,,capital_access_control,105.0,,100.0,high,"Permissioning and access control for IRN: Is market access being replaced by state permission, sanctions, screening, export controls, or compute/cloud restrictions? Generated by War-Economy Transition Dashboard batch from public source counts and configured theater/actor roles.",fact_policy_event:policy_2026_12670_0e92b9a4fd816c;fact_policy_event:policy_2026_12669_b081ba8aec1b6d;fact_policy_event:policy_2026_11593_686ea852d9678b;fact_policy_event:policy_2026_11571_1d248f5d9cee16;fact_policy_event:policy_2026_11319_71ad439954418d;fact_sanctions:sanctions_4632_ff159e87c67530;fact_sanctions:sanctions_4633_1bca01c179117a;fact_sanctions:sanctions_4635_53845dd0cdfdea,Iran
score_wetd_default_2026q2_2026_06_01_irn_civilian_military_allocation_e011a528ddde11,wetd_default_2026q2,2026-06-01,IRN,,civilian_military_allocation,75.0,,75.0,medium,"Civilian-to-military allocation for IRN: Are civilian technologies, compute, cloud, AI, or microelectronics entering defense/intelligence priority lanes? Generated by War-Economy Transition Dashboard batch from public source counts and configured theater/actor roles.",fact_procurement:proc_spe7mx21c0002_2021_05_06_327899880_87_e6df1f524ea800;fact_procurement:proc_w912wj22c0002_2022_01_27_286256425_88_618d92eed6f833;fact_procurement:proc_w911qx20c0023_2020_04_23_120575059_35_76fae70ac892af;fact_procurement:proc_140d0421c0002_2020_12_23_106725460_68_e299815ec2d2d6;fact_procurement:proc_hq072723f4100_2023_09_20_95993841_0_c7f55e98bfbbc8,Iran
score_wetd_default_2026q2_2026_06_01_irn_stockpiling_dcd47bfb005957,wetd_default_2026q2,2026-06-01,IRN,,stockpiling,35.0,,35.0,low,Strategic stockpiling for IRN: Is buying or inventory behavior becoming security-driven rather than ordinary commercial replenishment? Generated by War-Economy Transition Dashboard batch from public source counts and configured theater/actor roles.,fact_trade:trade_wb_tm_val_mmtl_zs_un_are_2023_16d558f5b16665;fact_trade:trade_wb_tm_val_mmtl_zs_un_are_2022_0a356c70a3ca7a;fact_trade:trade_wb_tm_val_mmtl_zs_un_are_2021_2e974998d6cd3e;fact_trade:trade_wb_tm_val_mmtl_zs_un_are_2020_7dc578c8383c63;fact_trade:trade_wb_tm_val_mmtl_zs_un_are_2019_ea67cc7db18cfb;fact_arctic_access:arctic_extent_2026_06_24_3fed104d1d7db3;fact_arctic_access:arctic_extent_anomaly_2026_06_24_2203b939b30fe8,Iran
score_wetd_default_2026q2_2026_06_01_irn_trade_rewiring_011521a3ccca33,wetd_default_2026q2,2026-06-01,IRN,,trade_rewiring,40.0,,40.0,low,"Route rewiring for IRN: Are flows moving through third countries, corridors, or indirect routes rather than direct market routes? Generated by War-Economy Transition Dashboard batch from public source counts and configured theater/actor roles.",fact_trade:trade_wb_tm_val_mmtl_zs_un_are_2023_16d558f5b16665;fact_trade:trade_wb_tm_val_mmtl_zs_un_are_2022_0a356c70a3ca7a;fact_trade:trade_wb_tm_val_mmtl_zs_un_are_2021_2e974998d6cd3e;fact_trade:trade_wb_tm_val_mmtl_zs_un_are_2020_7dc578c8383c63;fact_trade:trade_wb_tm_val_mmtl_zs_un_are_2019_ea67cc7db18cfb;fact_sanctions:sanctions_4632_ff159e87c67530;fact_sanctions:sanctions_4633_1bca01c179117a;fact_sanctions:sanctions_4635_53845dd0cdfdea,Iran
score_wetd_default_2026q2_2026_06_01_isr_autarky_52d8a5ab4b7d1f,wetd_default_2026q2,2026-06-01,ISR,,autarky,70.0,,70.0,medium,"Self-reliance pressure for ISR: Is a country reducing dependence on open-market supply through subsidies, domestic substitution, or sovereignty framing? Generated by War-Economy Transition Dashboard batch from public source counts and configured theater/actor roles.",fact_policy_event:policy_2026_12670_0e92b9a4fd816c;fact_policy_event:policy_2026_12669_b081ba8aec1b6d;fact_policy_event:policy_2026_11593_686ea852d9678b;fact_policy_event:policy_2026_11571_1d248f5d9cee16;fact_policy_event:policy_2026_11319_71ad439954418d;fact_energy_minerals:em_eg_use_pcap_kg_oe_are_2023_c4125d1b821f66;fact_energy_minerals:em_eg_use_pcap_kg_oe_can_2024_276ffe5b10dc93;fact_energy_minerals:em_eg_use_pcap_kg_oe_chn_2023_70029791fc9de4,Israel
score_wetd_default_2026q2_2026_06_01_isr_capital_access_control_737f75b221665e,wetd_default_2026q2,2026-06-01,ISR,,capital_access_control,75.0,,75.0,medium,"Permissioning and access control for ISR: Is market access being replaced by state permission, sanctions, screening, export controls, or compute/cloud restrictions? Generated by War-Economy Transition Dashboard batch from public source counts and configured theater/actor roles.",fact_policy_event:policy_2026_12670_0e92b9a4fd816c;fact_policy_event:policy_2026_12669_b081ba8aec1b6d;fact_policy_event:policy_2026_11593_686ea852d9678b;fact_policy_event:policy_2026_11571_1d248f5d9cee16;fact_policy_event:policy_2026_11319_71ad439954418d;fact_sanctions:sanctions_4632_ff159e87c67530;fact_sanctions:sanctions_4633_1bca01c179117a;fact_sanctions:sanctions_4635_53845dd0cdfdea,Israel
score_wetd_default_2026q2_2026_06_01_isr_civilian_military_allocation_e29c5382c85549,wetd_default_2026q2,2026-06-01,ISR,,civilian_military_allocation,75.0,,75.0,medium,"Civilian-to-military allocation for ISR: Are civilian technologies, compute, cloud, AI, or microelectronics entering defense/intelligence priority lanes? Generated by War-Economy Transition Dashboard batch from public source counts and configured theater/actor roles.",fact_procurement:proc_spe7mx21c0002_2021_05_06_327899880_87_e6df1f524ea800;fact_procurement:proc_w912wj22c0002_2022_01_27_286256425_88_618d92eed6f833;fact_procurement:proc_w911qx20c0023_2020_04_23_120575059_35_76fae70ac892af;fact_procurement:proc_140d0421c0002_2020_12_23_106725460_68_e299815ec2d2d6;fact_procurement:proc_hq072723f4100_2023_09_20_95993841_0_c7f55e98bfbbc8,Israel
score_wetd_default_2026q2_2026_06_01_isr_stockpiling_8f753e921f03f7,wetd_default_2026q2,2026-06-01,ISR,,stockpiling,35.0,,35.0,low,Strategic stockpiling for ISR: Is buying or inventory behavior becoming security-driven rather than ordinary commercial replenishment? Generated by War-Economy Transition Dashboard batch from public source counts and configured theater/actor roles.,fact_trade:trade_wb_tm_val_mmtl_zs_un_are_2023_16d558f5b16665;fact_trade:trade_wb_tm_val_mmtl_zs_un_are_2022_0a356c70a3ca7a;fact_trade:trade_wb_tm_val_mmtl_zs_un_are_2021_2e974998d6cd3e;fact_trade:trade_wb_tm_val_mmtl_zs_un_are_2020_7dc578c8383c63;fact_trade:trade_wb_tm_val_mmtl_zs_un_are_2019_ea67cc7db18cfb;fact_arctic_access:arctic_extent_2026_06_24_3fed104d1d7db3;fact_arctic_access:arctic_extent_anomaly_2026_06_24_2203b939b30fe8,Israel
score_wetd_default_2026q2_2026_06_01_isr_trade_rewiring_de0fc888c102d4,wetd_default_2026q2,2026-06-01,ISR,,trade_rewiring,30.0,,30.0,low,"Route rewiring for ISR: Are flows moving through third countries, corridors, or indirect routes rather than direct market routes? Generated by War-Economy Transition Dashboard batch from public source counts and configured theater/actor roles.",fact_trade:trade_wb_tm_val_mmtl_zs_un_are_2023_16d558f5b16665;fact_trade:trade_wb_tm_val_mmtl_zs_un_are_2022_0a356c70a3ca7a;fact_trade:trade_wb_tm_val_mmtl_zs_un_are_2021_2e974998d6cd3e;fact_trade:trade_wb_tm_val_mmtl_zs_un_are_2020_7dc578c8383c63;fact_trade:trade_wb_tm_val_mmtl_zs_un_are_2019_ea67cc7db18cfb;fact_sanctions:sanctions_4632_ff159e87c67530;fact_sanctions:sanctions_4633_1bca01c179117a;fact_sanctions:sanctions_4635_53845dd0cdfdea,Israel
score_wetd_default_2026q2_2026_06_01_ita_autarky_f35fb2ee440f25,wetd_default_2026q2,2026-06-01,ITA,,autarky,70.0,,70.0,medium,"Self-reliance pressure for ITA: Is a country reducing dependence on open-market supply through subsidies, domestic substitution, or sovereignty framing? Generated by War-Economy Transition Dashboard batch from public source counts and configured theater/actor roles.",fact_policy_event:policy_2026_12670_0e92b9a4fd816c;fact_policy_event:policy_2026_12669_b081ba8aec1b6d;fact_policy_event:policy_2026_11593_686ea852d9678b;fact_policy_event:policy_2026_11571_1d248f5d9cee16;fact_policy_event:policy_2026_11319_71ad439954418d;fact_energy_minerals:em_eg_use_pcap_kg_oe_are_2023_c4125d1b821f66;fact_energy_minerals:em_eg_use_pcap_kg_oe_can_2024_276ffe5b10dc93;fact_energy_minerals:em_eg_use_pcap_kg_oe_chn_2023_70029791fc9de4,Italy
score_wetd_default_2026q2_2026_06_01_ita_capital_access_control_5d78f11cf70745,wetd_default_2026q2,2026-06-01,ITA,,capital_access_control,75.0,,75.0,medium,"Permissioning and access control for ITA: Is market access being replaced by state permission, sanctions, screening, export controls, or compute/cloud restrictions? Generated by War-Economy Transition Dashboard batch from public source counts and configured theater/actor roles.",fact_policy_event:policy_2026_12670_0e92b9a4fd816c;fact_policy_event:policy_2026_12669_b081ba8aec1b6d;fact_policy_event:policy_2026_11593_686ea852d9678b;fact_policy_event:policy_2026_11571_1d248f5d9cee16;fact_policy_event:policy_2026_11319_71ad439954418d;fact_sanctions:sanctions_4632_ff159e87c67530;fact_sanctions:sanctions_4633_1bca01c179117a;fact_sanctions:sanctions_4635_53845dd0cdfdea,Italy
score_wetd_default_2026q2_2026_06_01_ita_civilian_military_allocation_8677aaa08776cf,wetd_default_2026q2,2026-06-01,ITA,,civilian_military_allocation,65.0,,65.0,medium,"Civilian-to-military allocation for ITA: Are civilian technologies, compute, cloud, AI, or microelectronics entering defense/intelligence priority lanes? Generated by War-Economy Transition Dashboard batch from public source counts and configured theater/actor roles.",fact_procurement:proc_spe7mx21c0002_2021_05_06_327899880_87_e6df1f524ea800;fact_procurement:proc_w912wj22c0002_2022_01_27_286256425_88_618d92eed6f833;fact_procurement:proc_w911qx20c0023_2020_04_23_120575059_35_76fae70ac892af;fact_procurement:proc_140d0421c0002_2020_12_23_106725460_68_e299815ec2d2d6;fact_procurement:proc_hq072723f4100_2023_09_20_95993841_0_c7f55e98bfbbc8,Italy
score_wetd_default_2026q2_2026_06_01_ita_stockpiling_426cce4d97878c,wetd_default_2026q2,2026-06-01,ITA,,stockpiling,35.0,,35.0,low,Strategic stockpiling for ITA: Is buying or inventory behavior becoming security-driven rather than ordinary commercial replenishment? Generated by War-Economy Transition Dashboard batch from public source counts and configured theater/actor roles.,fact_trade:trade_wb_tm_val_mmtl_zs_un_are_2023_16d558f5b16665;fact_trade:trade_wb_tm_val_mmtl_zs_un_are_2022_0a356c70a3ca7a;fact_trade:trade_wb_tm_val_mmtl_zs_un_are_2021_2e974998d6cd3e;fact_trade:trade_wb_tm_val_mmtl_zs_un_are_2020_7dc578c8383c63;fact_trade:trade_wb_tm_val_mmtl_zs_un_are_2019_ea67cc7db18cfb;fact_arctic_access:arctic_extent_2026_06_24_3fed104d1d7db3;fact_arctic_access:arctic_extent_anomaly_2026_06_24_2203b939b30fe8,Italy
score_wetd_default_2026q2_2026_06_01_ita_trade_rewiring_e6ab9cd6d99275,wetd_default_2026q2,2026-06-01,ITA,,trade_rewiring,30.0,,30.0,low,"Route rewiring for ITA: Are flows moving through third countries, corridors, or indirect routes rather than direct market routes? Generated by War-Economy Transition Dashboard batch from public source counts and configured theater/actor roles.",fact_trade:trade_wb_tm_val_mmtl_zs_un_are_2023_16d558f5b16665;fact_trade:trade_wb_tm_val_mmtl_zs_un_are_2022_0a356c70a3ca7a;fact_trade:trade_wb_tm_val_mmtl_zs_un_are_2021_2e974998d6cd3e;fact_trade:trade_wb_tm_val_mmtl_zs_un_are_2020_7dc578c8383c63;fact_trade:trade_wb_tm_val_mmtl_zs_un_are_2019_ea67cc7db18cfb;fact_sanctions:sanctions_4632_ff159e87c67530;fact_sanctions:sanctions_4633_1bca01c179117a;fact_sanctions:sanctions_4635_53845dd0cdfdea,Italy
score_wetd_default_2026q2_2026_06_01_jpn_autarky_987b53db87fa27,wetd_default_2026q2,2026-06-01,JPN,,autarky,90.0,,90.0,medium,"Self-reliance pressure for JPN: Is a country reducing dependence on open-market supply through subsidies, domestic substitution, or sovereignty framing? Generated by War-Economy Transition Dashboard batch from public source counts and configured theater/actor roles.",fact_policy_event:policy_2026_12670_0e92b9a4fd816c;fact_policy_event:policy_2026_12669_b081ba8aec1b6d;fact_policy_event:policy_2026_11593_686ea852d9678b;fact_policy_event:policy_2026_11571_1d248f5d9cee16;fact_policy_event:policy_2026_11319_71ad439954418d;fact_energy_minerals:em_eg_use_pcap_kg_oe_are_2023_c4125d1b821f66;fact_energy_minerals:em_eg_use_pcap_kg_oe_can_2024_276ffe5b10dc93;fact_energy_minerals:em_eg_use_pcap_kg_oe_chn_2023_70029791fc9de4,Japan
score_wetd_default_2026q2_2026_06_01_jpn_capital_access_control_643b396f91796e,wetd_default_2026q2,2026-06-01,JPN,,capital_access_control,75.0,,75.0,medium,"Permissioning and access control for JPN: Is market access being replaced by state permission, sanctions, screening, export controls, or compute/cloud restrictions? Generated by War-Economy Transition Dashboard batch from public source counts and configured theater/actor roles.",fact_policy_event:policy_2026_12670_0e92b9a4fd816c;fact_policy_event:policy_2026_12669_b081ba8aec1b6d;fact_policy_event:policy_2026_11593_686ea852d9678b;fact_policy_event:policy_2026_11571_1d248f5d9cee16;fact_policy_event:policy_2026_11319_71ad439954418d;fact_sanctions:sanctions_4632_ff159e87c67530;fact_sanctions:sanctions_4633_1bca01c179117a;fact_sanctions:sanctions_4635_53845dd0cdfdea,Japan
score_wetd_default_2026q2_2026_06_01_jpn_civilian_military_allocation_b7d3a82de25dee,wetd_default_2026q2,2026-06-01,JPN,,civilian_military_allocation,65.0,,65.0,medium,"Civilian-to-military allocation for JPN: Are civilian technologies, compute, cloud, AI, or microelectronics entering defense/intelligence priority lanes? Generated by War-Economy Transition Dashboard batch from public source counts and configured theater/actor roles.",fact_procurement:proc_spe7mx21c0002_2021_05_06_327899880_87_e6df1f524ea800;fact_procurement:proc_w912wj22c0002_2022_01_27_286256425_88_618d92eed6f833;fact_procurement:proc_w911qx20c0023_2020_04_23_120575059_35_76fae70ac892af;fact_procurement:proc_140d0421c0002_2020_12_23_106725460_68_e299815ec2d2d6;fact_procurement:proc_hq072723f4100_2023_09_20_95993841_0_c7f55e98bfbbc8,Japan
score_wetd_default_2026q2_2026_06_01_jpn_stockpiling_4bcb980029512b,wetd_default_2026q2,2026-06-01,JPN,,stockpiling,45.0,,45.0,low,Strategic stockpiling for JPN: Is buying or inventory behavior becoming security-driven rather than ordinary commercial replenishment? Generated by War-Economy Transition Dashboard batch from public source counts and configured theater/actor roles.,fact_trade:trade_wb_tm_val_mmtl_zs_un_are_2023_16d558f5b16665;fact_trade:trade_wb_tm_val_mmtl_zs_un_are_2022_0a356c70a3ca7a;fact_trade:trade_wb_tm_val_mmtl_zs_un_are_2021_2e974998d6cd3e;fact_trade:trade_wb_tm_val_mmtl_zs_un_are_2020_7dc578c8383c63;fact_trade:trade_wb_tm_val_mmtl_zs_un_are_2019_ea67cc7db18cfb;fact_arctic_access:arctic_extent_2026_06_24_3fed104d1d7db3;fact_arctic_access:arctic_extent_anomaly_2026_06_24_2203b939b30fe8,Japan
score_wetd_default_2026q2_2026_06_01_jpn_trade_rewiring_5a877176a1e13d,wetd_default_2026q2,2026-06-01,JPN,,trade_rewiring,48.0,,48.0,medium,"Route rewiring for JPN: Are flows moving through third countries, corridors, or indirect routes rather than direct market routes? Generated by War-Economy Transition Dashboard batch from public source counts and configured theater/actor roles.",fact_trade:trade_wb_tm_val_mmtl_zs_un_are_2023_16d558f5b16665;fact_trade:trade_wb_tm_val_mmtl_zs_un_are_2022_0a356c70a3ca7a;fact_trade:trade_wb_tm_val_mmtl_zs_un_are_2021_2e974998d6cd3e;fact_trade:trade_wb_tm_val_mmtl_zs_un_are_2020_7dc578c8383c63;fact_trade:trade_wb_tm_val_mmtl_zs_un_are_2019_ea67cc7db18cfb;fact_sanctions:sanctions_4632_ff159e87c67530;fact_sanctions:sanctions_4633_1bca01c179117a;fact_sanctions:sanctions_4635_53845dd0cdfdea,Japan
score_wetd_default_2026q2_2026_06_01_kor_autarky_85f9c15ac94cb5,wetd_default_2026q2,2026-06-01,KOR,,autarky,90.0,,90.0,medium,"Self-reliance pressure for KOR: Is a country reducing dependence on open-market supply through subsidies, domestic substitution, or sovereignty framing? Generated by War-Economy Transition Dashboard batch from public source counts and configured theater/actor roles.",fact_policy_event:policy_2026_12670_0e92b9a4fd816c;fact_policy_event:policy_2026_12669_b081ba8aec1b6d;fact_policy_event:policy_2026_11593_686ea852d9678b;fact_policy_event:policy_2026_11571_1d248f5d9cee16;fact_policy_event:policy_2026_11319_71ad439954418d;fact_energy_minerals:em_eg_use_pcap_kg_oe_are_2023_c4125d1b821f66;fact_energy_minerals:em_eg_use_pcap_kg_oe_can_2024_276ffe5b10dc93;fact_energy_minerals:em_eg_use_pcap_kg_oe_chn_2023_70029791fc9de4,South Korea
score_wetd_default_2026q2_2026_06_01_kor_capital_access_control_9636b2bc7ad45b,wetd_default_2026q2,2026-06-01,KOR,,capital_access_control,75.0,,75.0,medium,"Permissioning and access control for KOR: Is market access being replaced by state permission, sanctions, screening, export controls, or compute/cloud restrictions? Generated by War-Economy Transition Dashboard batch from public source counts and configured theater/actor roles.",fact_policy_event:policy_2026_12670_0e92b9a4fd816c;fact_policy_event:policy_2026_12669_b081ba8aec1b6d;fact_policy_event:policy_2026_11593_686ea852d9678b;fact_policy_event:policy_2026_11571_1d248f5d9cee16;fact_policy_event:policy_2026_11319_71ad439954418d;fact_sanctions:sanctions_4632_ff159e87c67530;fact_sanctions:sanctions_4633_1bca01c179117a;fact_sanctions:sanctions_4635_53845dd0cdfdea,South Korea
score_wetd_default_2026q2_2026_06_01_kor_civilian_military_allocation_d4f91d6896a140,wetd_default_2026q2,2026-06-01,KOR,,civilian_military_allocation,65.0,,65.0,medium,"Civilian-to-military allocation for KOR: Are civilian technologies, compute, cloud, AI, or microelectronics entering defense/intelligence priority lanes? Generated by War-Economy Transition Dashboard batch from public source counts and configured theater/actor roles.",fact_procurement:proc_spe7mx21c0002_2021_05_06_327899880_87_e6df1f524ea800;fact_procurement:proc_w912wj22c0002_2022_01_27_286256425_88_618d92eed6f833;fact_procurement:proc_w911qx20c0023_2020_04_23_120575059_35_76fae70ac892af;fact_procurement:proc_140d0421c0002_2020_12_23_106725460_68_e299815ec2d2d6;fact_procurement:proc_hq072723f4100_2023_09_20_95993841_0_c7f55e98bfbbc8,South Korea
score_wetd_default_2026q2_2026_06_01_kor_stockpiling_ee6073626c8764,wetd_default_2026q2,2026-06-01,KOR,,stockpiling,45.0,,45.0,low,Strategic stockpiling for KOR: Is buying or inventory behavior becoming security-driven rather than ordinary commercial replenishment? Generated by War-Economy Transition Dashboard batch from public source counts and configured theater/actor roles.,fact_trade:trade_wb_tm_val_mmtl_zs_un_are_2023_16d558f5b16665;fact_trade:trade_wb_tm_val_mmtl_zs_un_are_2022_0a356c70a3ca7a;fact_trade:trade_wb_tm_val_mmtl_zs_un_are_2021_2e974998d6cd3e;fact_trade:trade_wb_tm_val_mmtl_zs_un_are_2020_7dc578c8383c63;fact_trade:trade_wb_tm_val_mmtl_zs_un_are_2019_ea67cc7db18cfb;fact_arctic_access:arctic_extent_2026_06_24_3fed104d1d7db3;fact_arctic_access:arctic_extent_anomaly_2026_06_24_2203b939b30fe8,South Korea
score_wetd_default_2026q2_2026_06_01_kor_trade_rewiring_ca686aae05fbdf,wetd_default_2026q2,2026-06-01,KOR,,trade_rewiring,48.0,,48.0,medium,"Route rewiring for KOR: Are flows moving through third countries, corridors, or indirect routes rather than direct market routes? Generated by War-Economy Transition Dashboard batch from public source counts and configured theater/actor roles.",fact_trade:trade_wb_tm_val_mmtl_zs_un_are_2023_16d558f5b16665;fact_trade:trade_wb_tm_val_mmtl_zs_un_are_2022_0a356c70a3ca7a;fact_trade:trade_wb_tm_val_mmtl_zs_un_are_2021_2e974998d6cd3e;fact_trade:trade_wb_tm_val_mmtl_zs_un_are_2020_7dc578c8383c63;fact_trade:trade_wb_tm_val_mmtl_zs_un_are_2019_ea67cc7db18cfb;fact_sanctions:sanctions_4632_ff159e87c67530;fact_sanctions:sanctions_4633_1bca01c179117a;fact_sanctions:sanctions_4635_53845dd0cdfdea,South Korea
score_wetd_default_2026q2_2026_06_01_nld_autarky_5b5c19d2e998cd,wetd_default_2026q2,2026-06-01,NLD,,autarky,78.0,,78.0,medium,"Self-reliance pressure for NLD: Is a country reducing dependence on open-market supply through subsidies, domestic substitution, or sovereignty framing? Generated by War-Economy Transition Dashboard batch from public source counts and configured theater/actor roles.",fact_policy_event:policy_2026_12670_0e92b9a4fd816c;fact_policy_event:policy_2026_12669_b081ba8aec1b6d;fact_policy_event:policy_2026_11593_686ea852d9678b;fact_policy_event:policy_2026_11571_1d248f5d9cee16;fact_policy_event:policy_2026_11319_71ad439954418d;fact_energy_minerals:em_eg_use_pcap_kg_oe_are_2023_c4125d1b821f66;fact_energy_minerals:em_eg_use_pcap_kg_oe_can_2024_276ffe5b10dc93;fact_energy_minerals:em_eg_use_pcap_kg_oe_chn_2023_70029791fc9de4,Netherlands
score_wetd_default_2026q2_2026_06_01_nld_capital_access_control_24a772932dd6a2,wetd_default_2026q2,2026-06-01,NLD,,capital_access_control,75.0,,75.0,medium,"Permissioning and access control for NLD: Is market access being replaced by state permission, sanctions, screening, export controls, or compute/cloud restrictions? Generated by War-Economy Transition Dashboard batch from public source counts and configured theater/actor roles.",fact_policy_event:policy_2026_12670_0e92b9a4fd816c;fact_policy_event:policy_2026_12669_b081ba8aec1b6d;fact_policy_event:policy_2026_11593_686ea852d9678b;fact_policy_event:policy_2026_11571_1d248f5d9cee16;fact_policy_event:policy_2026_11319_71ad439954418d;fact_sanctions:sanctions_4632_ff159e87c67530;fact_sanctions:sanctions_4633_1bca01c179117a;fact_sanctions:sanctions_4635_53845dd0cdfdea,Netherlands
score_wetd_default_2026q2_2026_06_01_nld_civilian_military_allocation_3f39956e4fc281,wetd_default_2026q2,2026-06-01,NLD,,civilian_military_allocation,65.0,,65.0,medium,"Civilian-to-military allocation for NLD: Are civilian technologies, compute, cloud, AI, or microelectronics entering defense/intelligence priority lanes? Generated by War-Economy Transition Dashboard batch from public source counts and configured theater/actor roles.",fact_procurement:proc_spe7mx21c0002_2021_05_06_327899880_87_e6df1f524ea800;fact_procurement:proc_w912wj22c0002_2022_01_27_286256425_88_618d92eed6f833;fact_procurement:proc_w911qx20c0023_2020_04_23_120575059_35_76fae70ac892af;fact_procurement:proc_140d0421c0002_2020_12_23_106725460_68_e299815ec2d2d6;fact_procurement:proc_hq072723f4100_2023_09_20_95993841_0_c7f55e98bfbbc8,Netherlands
score_wetd_default_2026q2_2026_06_01_nld_stockpiling_b7fd554655b368,wetd_default_2026q2,2026-06-01,NLD,,stockpiling,45.0,,45.0,low,Strategic stockpiling for NLD: Is buying or inventory behavior becoming security-driven rather than ordinary commercial replenishment? Generated by War-Economy Transition Dashboard batch from public source counts and configured theater/actor roles.,fact_trade:trade_wb_tm_val_mmtl_zs_un_are_2023_16d558f5b16665;fact_trade:trade_wb_tm_val_mmtl_zs_un_are_2022_0a356c70a3ca7a;fact_trade:trade_wb_tm_val_mmtl_zs_un_are_2021_2e974998d6cd3e;fact_trade:trade_wb_tm_val_mmtl_zs_un_are_2020_7dc578c8383c63;fact_trade:trade_wb_tm_val_mmtl_zs_un_are_2019_ea67cc7db18cfb;fact_arctic_access:arctic_extent_2026_06_24_3fed104d1d7db3;fact_arctic_access:arctic_extent_anomaly_2026_06_24_2203b939b30fe8,Netherlands
score_wetd_default_2026q2_2026_06_01_nld_trade_rewiring_7b1a0f8247c960,wetd_default_2026q2,2026-06-01,NLD,,trade_rewiring,48.0,,48.0,medium,"Route rewiring for NLD: Are flows moving through third countries, corridors, or indirect routes rather than direct market routes? Generated by War-Economy Transition Dashboard batch from public source counts and configured theater/actor roles.",fact_trade:trade_wb_tm_val_mmtl_zs_un_are_2023_16d558f5b16665;fact_trade:trade_wb_tm_val_mmtl_zs_un_are_2022_0a356c70a3ca7a;fact_trade:trade_wb_tm_val_mmtl_zs_un_are_2021_2e974998d6cd3e;fact_trade:trade_wb_tm_val_mmtl_zs_un_are_2020_7dc578c8383c63;fact_trade:trade_wb_tm_val_mmtl_zs_un_are_2019_ea67cc7db18cfb;fact_sanctions:sanctions_4632_ff159e87c67530;fact_sanctions:sanctions_4633_1bca01c179117a;fact_sanctions:sanctions_4635_53845dd0cdfdea,Netherlands
score_wetd_default_2026q2_2026_06_01_rus_autarky_d6d6c636f50de7,wetd_default_2026q2,2026-06-01,RUS,,autarky,70.0,,70.0,medium,"Self-reliance pressure for RUS: Is a country reducing dependence on open-market supply through subsidies, domestic substitution, or sovereignty framing? Generated by War-Economy Transition Dashboard batch from public source counts and configured theater/actor roles.",fact_policy_event:policy_2026_12670_0e92b9a4fd816c;fact_policy_event:policy_2026_12669_b081ba8aec1b6d;fact_policy_event:policy_2026_11593_686ea852d9678b;fact_policy_event:policy_2026_11571_1d248f5d9cee16;fact_policy_event:policy_2026_11319_71ad439954418d;fact_energy_minerals:em_eg_use_pcap_kg_oe_are_2023_c4125d1b821f66;fact_energy_minerals:em_eg_use_pcap_kg_oe_can_2024_276ffe5b10dc93;fact_energy_minerals:em_eg_use_pcap_kg_oe_chn_2023_70029791fc9de4,Russia
score_wetd_default_2026q2_2026_06_01_rus_capital_access_control_eab16cb70d80d1,wetd_default_2026q2,2026-06-01,RUS,,capital_access_control,75.0,,75.0,medium,"Permissioning and access control for RUS: Is market access being replaced by state permission, sanctions, screening, export controls, or compute/cloud restrictions? Generated by War-Economy Transition Dashboard batch from public source counts and configured theater/actor roles.",fact_policy_event:policy_2026_12670_0e92b9a4fd816c;fact_policy_event:policy_2026_12669_b081ba8aec1b6d;fact_policy_event:policy_2026_11593_686ea852d9678b;fact_policy_event:policy_2026_11571_1d248f5d9cee16;fact_policy_event:policy_2026_11319_71ad439954418d;fact_sanctions:sanctions_4632_ff159e87c67530;fact_sanctions:sanctions_4633_1bca01c179117a;fact_sanctions:sanctions_4635_53845dd0cdfdea,Russia
score_wetd_default_2026q2_2026_06_01_rus_civilian_military_allocation_9ad7d05d85ba69,wetd_default_2026q2,2026-06-01,RUS,,civilian_military_allocation,65.0,,65.0,medium,"Civilian-to-military allocation for RUS: Are civilian technologies, compute, cloud, AI, or microelectronics entering defense/intelligence priority lanes? Generated by War-Economy Transition Dashboard batch from public source counts and configured theater/actor roles.",fact_procurement:proc_spe7mx21c0002_2021_05_06_327899880_87_e6df1f524ea800;fact_procurement:proc_w912wj22c0002_2022_01_27_286256425_88_618d92eed6f833;fact_procurement:proc_w911qx20c0023_2020_04_23_120575059_35_76fae70ac892af;fact_procurement:proc_140d0421c0002_2020_12_23_106725460_68_e299815ec2d2d6;fact_procurement:proc_hq072723f4100_2023_09_20_95993841_0_c7f55e98bfbbc8,Russia
score_wetd_default_2026q2_2026_06_01_rus_stockpiling_e6a254e9ad9e40,wetd_default_2026q2,2026-06-01,RUS,,stockpiling,35.0,,35.0,low,Strategic stockpiling for RUS: Is buying or inventory behavior becoming security-driven rather than ordinary commercial replenishment? Generated by War-Economy Transition Dashboard batch from public source counts and configured theater/actor roles.,fact_trade:trade_wb_tm_val_mmtl_zs_un_are_2023_16d558f5b16665;fact_trade:trade_wb_tm_val_mmtl_zs_un_are_2022_0a356c70a3ca7a;fact_trade:trade_wb_tm_val_mmtl_zs_un_are_2021_2e974998d6cd3e;fact_trade:trade_wb_tm_val_mmtl_zs_un_are_2020_7dc578c8383c63;fact_trade:trade_wb_tm_val_mmtl_zs_un_are_2019_ea67cc7db18cfb;fact_arctic_access:arctic_extent_2026_06_24_3fed104d1d7db3;fact_arctic_access:arctic_extent_anomaly_2026_06_24_2203b939b30fe8,Russia
score_wetd_default_2026q2_2026_06_01_rus_trade_rewiring_107b24081e173e,wetd_default_2026q2,2026-06-01,RUS,,trade_rewiring,30.0,,30.0,low,"Route rewiring for RUS: Are flows moving through third countries, corridors, or indirect routes rather than direct market routes? Generated by War-Economy Transition Dashboard batch from public source counts and configured theater/actor roles.",fact_trade:trade_wb_tm_val_mmtl_zs_un_are_2023_16d558f5b16665;fact_trade:trade_wb_tm_val_mmtl_zs_un_are_2022_0a356c70a3ca7a;fact_trade:trade_wb_tm_val_mmtl_zs_un_are_2021_2e974998d6cd3e;fact_trade:trade_wb_tm_val_mmtl_zs_un_are_2020_7dc578c8383c63;fact_trade:trade_wb_tm_val_mmtl_zs_un_are_2019_ea67cc7db18cfb;fact_sanctions:sanctions_4632_ff159e87c67530;fact_sanctions:sanctions_4633_1bca01c179117a;fact_sanctions:sanctions_4635_53845dd0cdfdea,Russia
score_wetd_default_2026q2_2026_06_01_sau_autarky_a77354f305d66b,wetd_default_2026q2,2026-06-01,SAU,,autarky,70.0,,70.0,medium,"Self-reliance pressure for SAU: Is a country reducing dependence on open-market supply through subsidies, domestic substitution, or sovereignty framing? Generated by War-Economy Transition Dashboard batch from public source counts and configured theater/actor roles.",fact_policy_event:policy_2026_12670_0e92b9a4fd816c;fact_policy_event:policy_2026_12669_b081ba8aec1b6d;fact_policy_event:policy_2026_11593_686ea852d9678b;fact_policy_event:policy_2026_11571_1d248f5d9cee16;fact_policy_event:policy_2026_11319_71ad439954418d;fact_energy_minerals:em_eg_use_pcap_kg_oe_are_2023_c4125d1b821f66;fact_energy_minerals:em_eg_use_pcap_kg_oe_can_2024_276ffe5b10dc93;fact_energy_minerals:em_eg_use_pcap_kg_oe_chn_2023_70029791fc9de4,Saudi Arabia
score_wetd_default_2026q2_2026_06_01_sau_capital_access_control_1c3404154a3f76,wetd_default_2026q2,2026-06-01,SAU,,capital_access_control,75.0,,75.0,medium,"Permissioning and access control for SAU: Is market access being replaced by state permission, sanctions, screening, export controls, or compute/cloud restrictions? Generated by War-Economy Transition Dashboard batch from public source counts and configured theater/actor roles.",fact_policy_event:policy_2026_12670_0e92b9a4fd816c;fact_policy_event:policy_2026_12669_b081ba8aec1b6d;fact_policy_event:policy_2026_11593_686ea852d9678b;fact_policy_event:policy_2026_11571_1d248f5d9cee16;fact_policy_event:policy_2026_11319_71ad439954418d;fact_sanctions:sanctions_4632_ff159e87c67530;fact_sanctions:sanctions_4633_1bca01c179117a;fact_sanctions:sanctions_4635_53845dd0cdfdea,Saudi Arabia
score_wetd_default_2026q2_2026_06_01_sau_civilian_military_allocation_654a3781d8defb,wetd_default_2026q2,2026-06-01,SAU,,civilian_military_allocation,75.0,,75.0,medium,"Civilian-to-military allocation for SAU: Are civilian technologies, compute, cloud, AI, or microelectronics entering defense/intelligence priority lanes? Generated by War-Economy Transition Dashboard batch from public source counts and configured theater/actor roles.",fact_procurement:proc_spe7mx21c0002_2021_05_06_327899880_87_e6df1f524ea800;fact_procurement:proc_w912wj22c0002_2022_01_27_286256425_88_618d92eed6f833;fact_procurement:proc_w911qx20c0023_2020_04_23_120575059_35_76fae70ac892af;fact_procurement:proc_140d0421c0002_2020_12_23_106725460_68_e299815ec2d2d6;fact_procurement:proc_hq072723f4100_2023_09_20_95993841_0_c7f55e98bfbbc8,Saudi Arabia
score_wetd_default_2026q2_2026_06_01_sau_stockpiling_51468bda5c73e6,wetd_default_2026q2,2026-06-01,SAU,,stockpiling,42.0,,42.0,medium,Strategic stockpiling for SAU: Is buying or inventory behavior becoming security-driven rather than ordinary commercial replenishment? Generated by War-Economy Transition Dashboard batch from public source counts and configured theater/actor roles.,fact_trade:trade_wb_tm_val_mmtl_zs_un_are_2023_16d558f5b16665;fact_trade:trade_wb_tm_val_mmtl_zs_un_are_2022_0a356c70a3ca7a;fact_trade:trade_wb_tm_val_mmtl_zs_un_are_2021_2e974998d6cd3e;fact_trade:trade_wb_tm_val_mmtl_zs_un_are_2020_7dc578c8383c63;fact_trade:trade_wb_tm_val_mmtl_zs_un_are_2019_ea67cc7db18cfb;fact_arctic_access:arctic_extent_2026_06_24_3fed104d1d7db3;fact_arctic_access:arctic_extent_anomaly_2026_06_24_2203b939b30fe8,Saudi Arabia
score_wetd_default_2026q2_2026_06_01_sau_trade_rewiring_8681bd507a1eaa,wetd_default_2026q2,2026-06-01,SAU,,trade_rewiring,38.0,,38.0,medium,"Route rewiring for SAU: Are flows moving through third countries, corridors, or indirect routes rather than direct market routes? Generated by War-Economy Transition Dashboard batch from public source counts and configured theater/actor roles.",fact_trade:trade_wb_tm_val_mmtl_zs_un_are_2023_16d558f5b16665;fact_trade:trade_wb_tm_val_mmtl_zs_un_are_2022_0a356c70a3ca7a;fact_trade:trade_wb_tm_val_mmtl_zs_un_are_2021_2e974998d6cd3e;fact_trade:trade_wb_tm_val_mmtl_zs_un_are_2020_7dc578c8383c63;fact_trade:trade_wb_tm_val_mmtl_zs_un_are_2019_ea67cc7db18cfb;fact_sanctions:sanctions_4632_ff159e87c67530;fact_sanctions:sanctions_4633_1bca01c179117a;fact_sanctions:sanctions_4635_53845dd0cdfdea,Saudi Arabia
score_wetd_default_2026q2_2026_06_01_twn_autarky_3f0f17abe2ecd1,wetd_default_2026q2,2026-06-01,TWN,,autarky,78.0,,78.0,medium,"Self-reliance pressure for TWN: Is a country reducing dependence on open-market supply through subsidies, domestic substitution, or sovereignty framing? Generated by War-Economy Transition Dashboard batch from public source counts and configured theater/actor roles.",fact_policy_event:policy_2026_12670_0e92b9a4fd816c;fact_policy_event:policy_2026_12669_b081ba8aec1b6d;fact_policy_event:policy_2026_11593_686ea852d9678b;fact_policy_event:policy_2026_11571_1d248f5d9cee16;fact_policy_event:policy_2026_11319_71ad439954418d;fact_energy_minerals:em_eg_use_pcap_kg_oe_are_2023_c4125d1b821f66;fact_energy_minerals:em_eg_use_pcap_kg_oe_can_2024_276ffe5b10dc93;fact_energy_minerals:em_eg_use_pcap_kg_oe_chn_2023_70029791fc9de4,Taiwan
score_wetd_default_2026q2_2026_06_01_twn_capital_access_control_26551f65a4c9f7,wetd_default_2026q2,2026-06-01,TWN,,capital_access_control,75.0,,75.0,medium,"Permissioning and access control for TWN: Is market access being replaced by state permission, sanctions, screening, export controls, or compute/cloud restrictions? Generated by War-Economy Transition Dashboard batch from public source counts and configured theater/actor roles.",fact_policy_event:policy_2026_12670_0e92b9a4fd816c;fact_policy_event:policy_2026_12669_b081ba8aec1b6d;fact_policy_event:policy_2026_11593_686ea852d9678b;fact_policy_event:policy_2026_11571_1d248f5d9cee16;fact_policy_event:policy_2026_11319_71ad439954418d;fact_sanctions:sanctions_4632_ff159e87c67530;fact_sanctions:sanctions_4633_1bca01c179117a;fact_sanctions:sanctions_4635_53845dd0cdfdea,Taiwan
score_wetd_default_2026q2_2026_06_01_twn_civilian_military_allocation_26909afe435936,wetd_default_2026q2,2026-06-01,TWN,,civilian_military_allocation,65.0,,65.0,medium,"Civilian-to-military allocation for TWN: Are civilian technologies, compute, cloud, AI, or microelectronics entering defense/intelligence priority lanes? Generated by War-Economy Transition Dashboard batch from public source counts and configured theater/actor roles.",fact_procurement:proc_spe7mx21c0002_2021_05_06_327899880_87_e6df1f524ea800;fact_procurement:proc_w912wj22c0002_2022_01_27_286256425_88_618d92eed6f833;fact_procurement:proc_w911qx20c0023_2020_04_23_120575059_35_76fae70ac892af;fact_procurement:proc_140d0421c0002_2020_12_23_106725460_68_e299815ec2d2d6;fact_procurement:proc_hq072723f4100_2023_09_20_95993841_0_c7f55e98bfbbc8,Taiwan
score_wetd_default_2026q2_2026_06_01_twn_stockpiling_a8824a078cd4c6,wetd_default_2026q2,2026-06-01,TWN,,stockpiling,45.0,,45.0,low,Strategic stockpiling for TWN: Is buying or inventory behavior becoming security-driven rather than ordinary commercial replenishment? Generated by War-Economy Transition Dashboard batch from public source counts and configured theater/actor roles.,fact_trade:trade_wb_tm_val_mmtl_zs_un_are_2023_16d558f5b16665;fact_trade:trade_wb_tm_val_mmtl_zs_un_are_2022_0a356c70a3ca7a;fact_trade:trade_wb_tm_val_mmtl_zs_un_are_2021_2e974998d6cd3e;fact_trade:trade_wb_tm_val_mmtl_zs_un_are_2020_7dc578c8383c63;fact_trade:trade_wb_tm_val_mmtl_zs_un_are_2019_ea67cc7db18cfb;fact_arctic_access:arctic_extent_2026_06_24_3fed104d1d7db3;fact_arctic_access:arctic_extent_anomaly_2026_06_24_2203b939b30fe8,Taiwan
score_wetd_default_2026q2_2026_06_01_twn_trade_rewiring_cdf7c0ddfaf8fa,wetd_default_2026q2,2026-06-01,TWN,,trade_rewiring,48.0,,48.0,medium,"Route rewiring for TWN: Are flows moving through third countries, corridors, or indirect routes rather than direct market routes? Generated by War-Economy Transition Dashboard batch from public source counts and configured theater/actor roles.",fact_trade:trade_wb_tm_val_mmtl_zs_un_are_2023_16d558f5b16665;fact_trade:trade_wb_tm_val_mmtl_zs_un_are_2022_0a356c70a3ca7a;fact_trade:trade_wb_tm_val_mmtl_zs_un_are_2021_2e974998d6cd3e;fact_trade:trade_wb_tm_val_mmtl_zs_un_are_2020_7dc578c8383c63;fact_trade:trade_wb_tm_val_mmtl_zs_un_are_2019_ea67cc7db18cfb;fact_sanctions:sanctions_4632_ff159e87c67530;fact_sanctions:sanctions_4633_1bca01c179117a;fact_sanctions:sanctions_4635_53845dd0cdfdea,Taiwan
score_wetd_default_2026q2_2026_06_01_usa_autarky_8bee49d54bde72,wetd_default_2026q2,2026-06-01,USA,,autarky,78.0,,78.0,medium,"Self-reliance pressure for USA: Is a country reducing dependence on open-market supply through subsidies, domestic substitution, or sovereignty framing? Generated by War-Economy Transition Dashboard batch from public source counts and configured theater/actor roles.",fact_policy_event:policy_2026_12670_0e92b9a4fd816c;fact_policy_event:policy_2026_12669_b081ba8aec1b6d;fact_policy_event:policy_2026_11593_686ea852d9678b;fact_policy_event:policy_2026_11571_1d248f5d9cee16;fact_policy_event:policy_2026_11319_71ad439954418d;fact_energy_minerals:em_eg_use_pcap_kg_oe_are_2023_c4125d1b821f66;fact_energy_minerals:em_eg_use_pcap_kg_oe_can_2024_276ffe5b10dc93;fact_energy_minerals:em_eg_use_pcap_kg_oe_chn_2023_70029791fc9de4,United States
score_wetd_default_2026q2_2026_06_01_usa_capital_access_control_59b62580290385,wetd_default_2026q2,2026-06-01,USA,,capital_access_control,75.0,,75.0,medium,"Permissioning and access control for USA: Is market access being replaced by state permission, sanctions, screening, export controls, or compute/cloud restrictions? Generated by War-Economy Transition Dashboard batch from public source counts and configured theater/actor roles.",fact_policy_event:policy_2026_12670_0e92b9a4fd816c;fact_policy_event:policy_2026_12669_b081ba8aec1b6d;fact_policy_event:policy_2026_11593_686ea852d9678b;fact_policy_event:policy_2026_11571_1d248f5d9cee16;fact_policy_event:policy_2026_11319_71ad439954418d;fact_sanctions:sanctions_4632_ff159e87c67530;fact_sanctions:sanctions_4633_1bca01c179117a;fact_sanctions:sanctions_4635_53845dd0cdfdea,United States
score_wetd_default_2026q2_2026_06_01_usa_civilian_military_allocation_b5ee375ffe3140,wetd_default_2026q2,2026-06-01,USA,,civilian_military_allocation,77.0,,77.0,medium,"Civilian-to-military allocation for USA: Are civilian technologies, compute, cloud, AI, or microelectronics entering defense/intelligence priority lanes? Generated by War-Economy Transition Dashboard batch from public source counts and configured theater/actor roles.",fact_procurement:proc_spe7mx21c0002_2021_05_06_327899880_87_e6df1f524ea800;fact_procurement:proc_w912wj22c0002_2022_01_27_286256425_88_618d92eed6f833;fact_procurement:proc_w911qx20c0023_2020_04_23_120575059_35_76fae70ac892af;fact_procurement:proc_140d0421c0002_2020_12_23_106725460_68_e299815ec2d2d6;fact_procurement:proc_hq072723f4100_2023_09_20_95993841_0_c7f55e98bfbbc8,United States
score_wetd_default_2026q2_2026_06_01_usa_stockpiling_f173489d2592f8,wetd_default_2026q2,2026-06-01,USA,,stockpiling,35.0,,35.0,low,Strategic stockpiling for USA: Is buying or inventory behavior becoming security-driven rather than ordinary commercial replenishment? Generated by War-Economy Transition Dashboard batch from public source counts and configured theater/actor roles.,fact_trade:trade_wb_tm_val_mmtl_zs_un_are_2023_16d558f5b16665;fact_trade:trade_wb_tm_val_mmtl_zs_un_are_2022_0a356c70a3ca7a;fact_trade:trade_wb_tm_val_mmtl_zs_un_are_2021_2e974998d6cd3e;fact_trade:trade_wb_tm_val_mmtl_zs_un_are_2020_7dc578c8383c63;fact_trade:trade_wb_tm_val_mmtl_zs_un_are_2019_ea67cc7db18cfb;fact_arctic_access:arctic_extent_2026_06_24_3fed104d1d7db3;fact_arctic_access:arctic_extent_anomaly_2026_06_24_2203b939b30fe8,United States
score_wetd_default_2026q2_2026_06_01_usa_trade_rewiring_a92c07f7c068f5,wetd_default_2026q2,2026-06-01,USA,,trade_rewiring,30.0,,30.0,low,"Route rewiring for USA: Are flows moving through third countries, corridors, or indirect routes rather than direct market routes? Generated by War-Economy Transition Dashboard batch from public source counts and configured theater/actor roles.",fact_trade:trade_wb_tm_val_mmtl_zs_un_are_2023_16d558f5b16665;fact_trade:trade_wb_tm_val_mmtl_zs_un_are_2022_0a356c70a3ca7a;fact_trade:trade_wb_tm_val_mmtl_zs_un_are_2021_2e974998d6cd3e;fact_trade:trade_wb_tm_val_mmtl_zs_un_are_2020_7dc578c8383c63;fact_trade:trade_wb_tm_val_mmtl_zs_un_are_2019_ea67cc7db18cfb;fact_sanctions:sanctions_4632_ff159e87c67530;fact_sanctions:sanctions_4633_1bca01c179117a;fact_sanctions:sanctions_4635_53845dd0cdfdea,United States
